<?xml version="1.0" encoding="UTF-8"?>
<GenRun Id="synth_1" LaunchPart="xc7a100tcsg324-1" LaunchTime="1588210660">
  <File Type="PA-TCL" Name="sort.tcl"/>
  <File Type="RDS-PROPCONSTRS" Name="sort_drc_synth.rpt"/>
  <File Type="REPORTS-TCL" Name="sort_reports.tcl"/>
  <File Type="RDS-RDS" Name="sort.vds"/>
  <File Type="RDS-UTIL" Name="sort_utilization_synth.rpt"/>
  <File Type="RDS-UTIL-PB" Name="sort_utilization_synth.pb"/>
  <File Type="RDS-DCP" Name="sort.dcp"/>
  <File Type="VDS-TIMINGSUMMARY" Name="sort_timing_summary_synth.rpt"/>
  <File Type="VDS-TIMING-PB" Name="sort_timing_summary_synth.pb"/>
  <FileSet Name="sources" Type="DesignSrcs" RelSrcDir="$PSRCDIR/sources_1">
    <Filter Type="Srcs"/>
    <File Path="$PSRCDIR/sources_1/new/ALU.v">
      <FileInfo>
        <Attr Name="ImportPath" Val="$PPRDIR/../ALU/ALU.srcs/sources_1/new/ALU.v"/>
        <Attr Name="ImportTime" Val="1587658761"/>
        <Attr Name="UsedIn" Val="synthesis"/>
        <Attr Name="UsedIn" Val="implementation"/>
        <Attr Name="UsedIn" Val="simulation"/>
      </FileInfo>
    </File>
    <File Path="$PSRCDIR/sources_1/new/mux2.v">
      <FileInfo>
        <Attr Name="ImportPath" Val="$PPRDIR/../ALU/ALU.srcs/sources_1/new/mux2.v"/>
        <Attr Name="ImportTime" Val="1587653037"/>
        <Attr Name="UsedIn" Val="synthesis"/>
        <Attr Name="UsedIn" Val="implementation"/>
        <Attr Name="UsedIn" Val="simulation"/>
      </FileInfo>
    </File>
    <File Path="$PSRCDIR/sources_1/new/mux3.v">
      <FileInfo>
        <Attr Name="ImportPath" Val="$PPRDIR/../ALU/ALU.srcs/sources_1/new/mux3.v"/>
        <Attr Name="ImportTime" Val="1587653144"/>
        <Attr Name="UsedIn" Val="synthesis"/>
        <Attr Name="UsedIn" Val="implementation"/>
        <Attr Name="UsedIn" Val="simulation"/>
      </FileInfo>
    </File>
    <File Path="$PSRCDIR/sources_1/new/register.v">
      <FileInfo>
        <Attr Name="ImportPath" Val="$PPRDIR/../ALU/ALU.srcs/sources_1/new/register.v"/>
        <Attr Name="ImportTime" Val="1587651939"/>
        <Attr Name="UsedIn" Val="synthesis"/>
        <Attr Name="UsedIn" Val="implementation"/>
        <Attr Name="UsedIn" Val="simulation"/>
      </FileInfo>
    </File>
    <File Path="$PSRCDIR/sources_1/new/sort.v">
      <FileInfo>
        <Attr Name="ImportPath" Val="$PPRDIR/../ALU/ALU.srcs/sources_1/new/sort.v"/>
        <Attr Name="ImportTime" Val="1587659234"/>
        <Attr Name="UsedIn" Val="synthesis"/>
        <Attr Name="UsedIn" Val="implementation"/>
        <Attr Name="UsedIn" Val="simulation"/>
      </FileInfo>
    </File>
    <Config>
      <Option Name="DesignMode" Val="RTL"/>
      <Option Name="TopModule" Val="sort"/>
    </Config>
  </FileSet>
  <FileSet Name="constrs_in" Type="Constrs" RelSrcDir="$PSRCDIR/constrs_1">
    <Filter Type="Constrs"/>
    <File Path="$PSRCDIR/constrs_1/imports/VivadoProject/Nexys-4-DDR-Master.xdc">
      <FileInfo>
        <Attr Name="ImportPath" Val="$PPRDIR/../../../Nexys-4-DDR-Master.xdc"/>
        <Attr Name="ImportTime" Val="1576137572"/>
        <Attr Name="UsedIn" Val="synthesis"/>
        <Attr Name="UsedIn" Val="implementation"/>
      </FileInfo>
    </File>
    <Config>
      <Option Name="ConstrsType" Val="XDC"/>
    </Config>
  </FileSet>
  <FileSet Name="utils" Type="Utils" RelSrcDir="$PSRCDIR/utils_1">
    <Filter Type="Utils"/>
    <Config>
      <Option Name="TopAutoSet" Val="TRUE"/>
    </Config>
  </FileSet>
  <Strategy Version="1" Minor="2">
    <StratHandle Name="Vivado Synthesis Defaults" Flow="Vivado Synthesis 2019"/>
    <Step Id="synth_design"/>
  </Strategy>
</GenRun>
