<?xml version="1.0" encoding="UTF-8"?>
<GenRun Id="impl_1" LaunchPart="xc7a100tcsg324-1" LaunchTime="1588210660">
  <File Type="BITSTR-BMM" Name="sort_bd.bmm"/>
  <File Type="OPT-METHODOLOGY-DRC" Name="sort_methodology_drc_opted.rpt"/>
  <File Type="INIT-TIMING" Name="sort_timing_summary_init.rpt"/>
  <File Type="ROUTE-PWR" Name="sort_power_routed.rpt"/>
  <File Type="PA-TCL" Name="sort.tcl"/>
  <File Type="OPT-TIMING" Name="sort_timing_summary_opted.rpt"/>
  <File Type="OPT-DCP" Name="sort_opt.dcp"/>
  <File Type="ROUTE-PWR-SUM" Name="sort_power_summary_routed.pb"/>
  <File Type="REPORTS-TCL" Name="sort_reports.tcl"/>
  <File Type="OPT-DRC" Name="sort_drc_opted.rpt"/>
  <File Type="OPT-HWDEF" Name="sort.hwdef"/>
  <File Type="PWROPT-DCP" Name="sort_pwropt.dcp"/>
  <File Type="PWROPT-DRC" Name="sort_drc_pwropted.rpt"/>
  <File Type="PWROPT-TIMING" Name="sort_timing_summary_pwropted.rpt"/>
  <File Type="PLACE-DCP" Name="sort_placed.dcp"/>
  <File Type="PLACE-IO" Name="sort_io_placed.rpt"/>
  <File Type="PLACE-CLK" Name="sort_clock_utilization_placed.rpt"/>
  <File Type="PLACE-UTIL" Name="sort_utilization_placed.rpt"/>
  <File Type="PLACE-UTIL-PB" Name="sort_utilization_placed.pb"/>
  <File Type="PLACE-CTRL" Name="sort_control_sets_placed.rpt"/>
  <File Type="PLACE-SIMILARITY" Name="sort_incremental_reuse_placed.rpt"/>
  <File Type="PLACE-PRE-SIMILARITY" Name="sort_incremental_reuse_pre_placed.rpt"/>
  <File Type="PLACE-TIMING" Name="sort_timing_summary_placed.rpt"/>
  <File Type="POSTPLACE-PWROPT-DCP" Name="sort_postplace_pwropt.dcp"/>
  <File Type="BG-BIN" Name="sort.bin"/>
  <File Type="POSTPLACE-PWROPT-TIMING" Name="sort_timing_summary_postplace_pwropted.rpt"/>
  <File Type="PHYSOPT-DCP" Name="sort_physopt.dcp"/>
  <File Type="PHYSOPT-DRC" Name="sort_drc_physopted.rpt"/>
  <File Type="BITSTR-MSK" Name="sort.msk"/>
  <File Type="PHYSOPT-TIMING" Name="sort_timing_summary_physopted.rpt"/>
  <File Type="ROUTE-ERROR-DCP" Name="sort_routed_error.dcp"/>
  <File Type="ROUTE-DCP" Name="sort_routed.dcp"/>
  <File Type="ROUTE-BLACKBOX-DCP" Name="sort_routed_bb.dcp"/>
  <File Type="ROUTE-DRC" Name="sort_drc_routed.rpt"/>
  <File Type="ROUTE-DRC-PB" Name="sort_drc_routed.pb"/>
  <File Type="ROUTE-DRC-RPX" Name="sort_drc_routed.rpx"/>
  <File Type="BITSTR-MMI" Name="sort.mmi"/>
  <File Type="ROUTE-METHODOLOGY-DRC" Name="sort_methodology_drc_routed.rpt"/>
  <File Type="ROUTE-METHODOLOGY-DRC-RPX" Name="sort_methodology_drc_routed.rpx"/>
  <File Type="ROUTE-METHODOLOGY-DRC-PB" Name="sort_methodology_drc_routed.pb"/>
  <File Type="ROUTE-PWR-RPX" Name="sort_power_routed.rpx"/>
  <File Type="ROUTE-STATUS" Name="sort_route_status.rpt"/>
  <File Type="ROUTE-STATUS-PB" Name="sort_route_status.pb"/>
  <File Type="ROUTE-TIMINGSUMMARY" Name="sort_timing_summary_routed.rpt"/>
  <File Type="ROUTE-TIMING-PB" Name="sort_timing_summary_routed.pb"/>
  <File Type="ROUTE-TIMING-RPX" Name="sort_timing_summary_routed.rpx"/>
  <File Type="ROUTE-SIMILARITY" Name="sort_incremental_reuse_routed.rpt"/>
  <File Type="ROUTE-CLK" Name="sort_clock_utilization_routed.rpt"/>
  <File Type="ROUTE-BUS-SKEW" Name="sort_bus_skew_routed.rpt"/>
  <File Type="ROUTE-BUS-SKEW-PB" Name="sort_bus_skew_routed.pb"/>
  <File Type="ROUTE-BUS-SKEW-RPX" Name="sort_bus_skew_routed.rpx"/>
  <File Type="POSTROUTE-PHYSOPT-DCP" Name="sort_postroute_physopt.dcp"/>
  <File Type="POSTROUTE-PHYSOPT-BLACKBOX-DCP" Name="sort_postroute_physopt_bb.dcp"/>
  <File Type="POSTROUTE-PHYSOPT-TIMING" Name="sort_timing_summary_postroute_physopted.rpt"/>
  <File Type="POSTROUTE-PHYSOPT-TIMING-PB" Name="sort_timing_summary_postroute_physopted.pb"/>
  <File Type="POSTROUTE-PHYSOPT-TIMING-RPX" Name="sort_timing_summary_postroute_physopted.rpx"/>
  <File Type="POSTROUTE-PHYSOPT-BUS-SKEW" Name="sort_bus_skew_postroute_physopted.rpt"/>
  <File Type="POSTROUTE-PHYSOPT-BUS-SKEW-PB" Name="sort_bus_skew_postroute_physopted.pb"/>
  <File Type="BG-BIT" Name="sort.bit"/>
  <File Type="POSTROUTE-PHYSOPT-BUS-SKEW-RPX" Name="sort_bus_skew_postroute_physopted.rpx"/>
  <File Type="BITSTR-RBT" Name="sort.rbt"/>
  <File Type="BITSTR-NKY" Name="sort.nky"/>
  <File Type="PDI-FILE" Name="sort.pdi"/>
  <File Type="RCFI_FILE" Name="sort.rcfi"/>
  <File Type="CFI_FILE" Name="sort.cfi"/>
  <File Type="RNPI_FILE" Name="sort.rnpi"/>
  <File Type="NPI_FILE" Name="sort.npi"/>
  <File Type="RBD_FILE" Name="sort.rbd"/>
  <File Type="BITSTR-LTX" Name="debug_nets.ltx"/>
  <File Type="BITSTR-LTX" Name="sort.ltx"/>
  <File Type="BITSTR-SYSDEF" Name="sort.sysdef"/>
  <File Type="BG-BGN" Name="sort.bgn"/>
  <File Type="BG-DRC" Name="sort.drc"/>
  <File Type="RDI-RDI" Name="sort.vdi"/>
  <File Type="WBT-USG" Name="usage_statistics_webtalk.html"/>
  <FileSet Name="sources" Type="DesignSrcs" RelSrcDir="$PSRCDIR/sources_1">
    <Filter Type="Srcs"/>
    <File Path="$PSRCDIR/sources_1/new/ALU.v">
      <FileInfo>
        <Attr Name="ImportPath" Val="$PPRDIR/../ALU/ALU.srcs/sources_1/new/ALU.v"/>
        <Attr Name="ImportTime" Val="1587658761"/>
        <Attr Name="UsedIn" Val="synthesis"/>
        <Attr Name="UsedIn" Val="implementation"/>
        <Attr Name="UsedIn" Val="simulation"/>
      </FileInfo>
    </File>
    <File Path="$PSRCDIR/sources_1/new/mux2.v">
      <FileInfo>
        <Attr Name="ImportPath" Val="$PPRDIR/../ALU/ALU.srcs/sources_1/new/mux2.v"/>
        <Attr Name="ImportTime" Val="1587653037"/>
        <Attr Name="UsedIn" Val="synthesis"/>
        <Attr Name="UsedIn" Val="implementation"/>
        <Attr Name="UsedIn" Val="simulation"/>
      </FileInfo>
    </File>
    <File Path="$PSRCDIR/sources_1/new/mux3.v">
      <FileInfo>
        <Attr Name="ImportPath" Val="$PPRDIR/../ALU/ALU.srcs/sources_1/new/mux3.v"/>
        <Attr Name="ImportTime" Val="1587653144"/>
        <Attr Name="UsedIn" Val="synthesis"/>
        <Attr Name="UsedIn" Val="implementation"/>
        <Attr Name="UsedIn" Val="simulation"/>
      </FileInfo>
    </File>
    <File Path="$PSRCDIR/sources_1/new/register.v">
      <FileInfo>
        <Attr Name="ImportPath" Val="$PPRDIR/../ALU/ALU.srcs/sources_1/new/register.v"/>
        <Attr Name="ImportTime" Val="1587651939"/>
        <Attr Name="UsedIn" Val="synthesis"/>
        <Attr Name="UsedIn" Val="implementation"/>
        <Attr Name="UsedIn" Val="simulation"/>
      </FileInfo>
    </File>
    <File Path="$PSRCDIR/sources_1/new/sort.v">
      <FileInfo>
        <Attr Name="ImportPath" Val="$PPRDIR/../ALU/ALU.srcs/sources_1/new/sort.v"/>
        <Attr Name="ImportTime" Val="1587659234"/>
        <Attr Name="UsedIn" Val="synthesis"/>
        <Attr Name="UsedIn" Val="implementation"/>
        <Attr Name="UsedIn" Val="simulation"/>
      </FileInfo>
    </File>
    <Config>
      <Option Name="DesignMode" Val="RTL"/>
      <Option Name="TopModule" Val="sort"/>
    </Config>
  </FileSet>
  <FileSet Name="constrs_in" Type="Constrs" RelSrcDir="$PSRCDIR/constrs_1">
    <Filter Type="Constrs"/>
    <File Path="$PSRCDIR/constrs_1/imports/VivadoProject/Nexys-4-DDR-Master.xdc">
      <FileInfo>
        <Attr Name="ImportPath" Val="$PPRDIR/../../../Nexys-4-DDR-Master.xdc"/>
        <Attr Name="ImportTime" Val="1576137572"/>
        <Attr Name="UsedIn" Val="synthesis"/>
        <Attr Name="UsedIn" Val="implementation"/>
      </FileInfo>
    </File>
    <Config>
      <Option Name="ConstrsType" Val="XDC"/>
    </Config>
  </FileSet>
  <FileSet Name="utils" Type="Utils" RelSrcDir="$PSRCDIR/utils_1">
    <Filter Type="Utils"/>
    <Config>
      <Option Name="TopAutoSet" Val="TRUE"/>
    </Config>
  </FileSet>
  <Strategy Version="1" Minor="2">
    <StratHandle Name="Vivado Implementation Defaults" Flow="Vivado Implementation 2019"/>
    <Step Id="init_design"/>
    <Step Id="opt_design"/>
    <Step Id="power_opt_design"/>
    <Step Id="place_design"/>
    <Step Id="post_place_power_opt_design"/>
    <Step Id="phys_opt_design" EnableStepBool="1"/>
    <Step Id="route_design"/>
    <Step Id="post_route_phys_opt_design"/>
    <Step Id="write_bitstream"/>
  </Strategy>
</GenRun>
